23/05/2007,3,1
24/05/2007,6,1
25/05/2007,1,1
26/05/2007,6,1
27/05/2007,2,1
29/05/2007,1,1
30/05/2007,1,1
4/06/2007,1,1
23/06/2007,2,1
24/06/2007,2,1
15/07/2007,1,1
18/07/2007,2,1
23/07/2007,1,1
24/07/2007,9,1
25/07/2007,14,1
26/07/2007,19,1
27/07/2007,17,1
28/07/2007,22,1
29/07/2007,21,1
30/07/2007,21,1
31/07/2007,20,1
1/08/2007,19,1
2/08/2007,18,1
3/08/2007,19,1
4/08/2007,19,1
5/08/2007,21,1
6/08/2007,17,2
7/08/2007,19,2
8/08/2007,23,2
9/08/2007,24,2
10/08/2007,27,2
11/08/2007,20,2
12/08/2007,21,1
13/08/2007,21,1
14/08/2007,19,1
15/08/2007,23,2
16/08/2007,25,2
17/08/2007,23,2
18/08/2007,23,2
19/08/2007,23,2
20/08/2007,21,2
21/08/2007,18,3
22/08/2007,20,1
23/08/2007,26,2
24/08/2007,20,1
25/08/2007,27,1
26/08/2007,19,1
27/08/2007,21,2
28/08/2007,21,2
29/08/2007,20,2
30/08/2007,20,1
31/08/2007,20,1
1/09/2007,30,2
2/09/2007,20,2
3/09/2007,21,2
4/09/2007,20,1
5/09/2007,19,2
6/09/2007,17,2
7/09/2007,19,2
8/09/2007,20,2
9/09/2007,17,1
10/09/2007,21,1
11/09/2007,23,1
12/09/2007,19,1
13/09/2007,21,1
14/09/2007,21,2
15/09/2007,17,1
16/09/2007,20,1
17/09/2007,19,1
18/09/2007,19,1
19/09/2007,21,1
20/09/2007,22,1
21/09/2007,21,1
22/09/2007,21,1
23/09/2007,20,1
24/09/2007,18,1
25/09/2007,14,1
26/09/2007,15,1
27/09/2007,21,2
28/09/2007,15,1
29/09/2007,22,1
30/09/2007,19,1
1/10/2007,22,1
2/10/2007,20,1
3/10/2007,21,1
4/10/2007,18,3
5/10/2007,23,2
6/10/2007,21,4
7/10/2007,22,3
8/10/2007,20,3
9/10/2007,26,3
10/10/2007,18,2
11/10/2007,20,3
12/10/2007,33,2
13/10/2007,24,1
14/10/2007,25,2
15/10/2007,28,2
16/10/2007,37,8
17/10/2007,30,5
18/10/2007,23,5
19/10/2007,25,3
20/10/2007,22,4
21/10/2007,13,1
22/10/2007,25,3
23/10/2007,28,6
24/10/2007,21,4
25/10/2007,22,2
26/10/2007,38,5
27/10/2007,28,6
28/10/2007,29,7
29/10/2007,30,7
30/10/2007,23,6
31/10/2007,42,7
1/11/2007,44,6
2/11/2007,30,8
3/11/2007,19,7
4/11/2007,20,4
5/11/2007,32,9
6/11/2007,22,6
7/11/2007,40,4
8/11/2007,21,4
9/11/2007,21,5
10/11/2007,22,4
11/11/2007,32,5
12/11/2007,32,6
13/11/2007,32,7
14/11/2007,28,4
15/11/2007,21,6
16/11/2007,17,4
17/11/2007,39,7
18/11/2007,49,11
19/11/2007,45,7
20/11/2007,24,6
21/11/2007,29,11
22/11/2007,38,8
23/11/2007,28,8
24/11/2007,59,13
25/11/2007,65,9
26/11/2007,59,8
27/11/2007,80,14
28/11/2007,72,11
29/11/2007,38,10
30/11/2007,44,9
1/12/2007,30,7
2/12/2007,17,4
3/12/2007,26,11
4/12/2007,21,6
5/12/2007,28,11
6/12/2007,28,6
7/12/2007,34,7
8/12/2007,39,10
9/12/2007,33,8
10/12/2007,38,8
11/12/2007,42,10
12/12/2007,38,9
13/12/2007,60,14
14/12/2007,30,5
15/12/2007,22,7
16/12/2007,26,5
17/12/2007,33,5
18/12/2007,28,9
19/12/2007,29,5
20/12/2007,24,8
21/12/2007,33,6
22/12/2007,39,11
23/12/2007,30,9
24/12/2007,25,8
25/12/2007,34,9
26/12/2007,22,6
27/12/2007,21,6
28/12/2007,36,12
29/12/2007,36,9
30/12/2007,20,8
31/12/2007,41,12
1/01/2008,54,12
2/01/2008,52,13
3/01/2008,73,7
4/01/2008,152,8
5/01/2008,102,12
6/01/2008,58,8
7/01/2008,57,15
8/01/2008,54,7
9/01/2008,37,13
10/01/2008,29,11
11/01/2008,20,11
12/01/2008,51,12
13/01/2008,81,14
14/01/2008,56,16
15/01/2008,33,9
16/01/2008,37,8
17/01/2008,58,17
18/01/2008,41,14
19/01/2008,35,16
20/01/2008,53,12
21/01/2008,57,13
22/01/2008,36,9
23/01/2008,37,7
24/01/2008,55,13
25/01/2008,70,15
26/01/2008,58,13
27/01/2008,33,9
28/01/2008,94,18
29/01/2008,44,17
30/01/2008,77,12
31/01/2008,43,16
1/02/2008,49,17
2/02/2008,46,12
3/02/2008,38,11
4/02/2008,60,21
5/02/2008,70,17
6/02/2008,68,22
7/02/2008,37,12
8/02/2008,71,23
9/02/2008,39,11
10/02/2008,28,9
11/02/2008,50,20
12/02/2008,45,19
13/02/2008,55,13
14/02/2008,53,17
15/02/2008,62,22
16/02/2008,26,16
17/02/2008,36,13
18/02/2008,68,25
19/02/2008,50,17
20/02/2008,65,21
21/02/2008,47,15
22/02/2008,80,19
23/02/2008,56,16
24/02/2008,28,13
25/02/2008,35,16
26/02/2008,64,20
27/02/2008,58,18
28/02/2008,61,22
29/02/2008,56,19
1/03/2008,57,16
2/03/2008,63,13
3/03/2008,60,19
4/03/2008,66,20
5/03/2008,42,17
6/03/2008,62,13
7/03/2008,74,15
8/03/2008,48,12
9/03/2008,51,22
10/03/2008,50,15
11/03/2008,43,11
12/03/2008,35,18
13/03/2008,74,20
14/03/2008,74,21
15/03/2008,80,21
16/03/2008,100,17
17/03/2008,62,20
18/03/2008,65,14
19/03/2008,45,21
20/03/2008,69,23
21/03/2008,73,20
22/03/2008,77,22
23/03/2008,85,17
24/03/2008,60,18
25/03/2008,38,23
26/03/2008,67,21
27/03/2008,62,17
28/03/2008,36,11
29/03/2008,52,17
30/03/2008,44,13
31/03/2008,54,21
1/04/2008,69,21
2/04/2008,42,13
3/04/2008,55,18
4/04/2008,73,22
5/04/2008,39,16
6/04/2008,39,14
7/04/2008,78,20
8/04/2008,115,20
9/04/2008,47,15
10/04/2008,72,24
11/04/2008,89,26
12/04/2008,85,27
13/04/2008,75,21
14/04/2008,64,19
15/04/2008,60,19
16/04/2008,50,21
17/04/2008,39,18
18/04/2008,48,18
19/04/2008,38,20
20/04/2008,85,27
21/04/2008,62,22
22/04/2008,45,19
23/04/2008,57,27
24/04/2008,88,33
25/04/2008,46,20
26/04/2008,53,21
27/04/2008,70,22
28/04/2008,34,21
29/04/2008,37,15
30/04/2008,45,17
1/05/2008,53,20
2/05/2008,53,23
3/05/2008,45,19
4/05/2008,72,17
5/05/2008,56,15
6/05/2008,34,13
7/05/2008,68,28
8/05/2008,75,21
9/05/2008,54,16
10/05/2008,16,5
11/05/2008,52,16
12/05/2008,52,23
13/05/2008,52,17
14/05/2008,91,23
15/05/2008,48,20
16/05/2008,90,23
17/05/2008,41,17
18/05/2008,61,22
19/05/2008,75,25
20/05/2008,43,24
21/05/2008,47,20
22/05/2008,56,25
23/05/2008,68,20
24/05/2008,59,18
25/05/2008,71,25
26/05/2008,79,27
27/05/2008,64,28
28/05/2008,90,29
29/05/2008,117,28
30/05/2008,47,16
31/05/2008,89,26
1/06/2008,96,23
2/06/2008,70,23
3/06/2008,93,20
4/06/2008,109,36
5/06/2008,86,24
6/06/2008,72,24
7/06/2008,81,29
8/06/2008,87,32
9/06/2008,47,22
10/06/2008,57,20
11/06/2008,85,32
12/06/2008,70,26
13/06/2008,78,26
14/06/2008,116,23
15/06/2008,117,24
16/06/2008,82,29
17/06/2008,126,27
18/06/2008,131,23
19/06/2008,70,25
20/06/2008,54,18
21/06/2008,127,23
22/06/2008,104,28
23/06/2008,91,33
24/06/2008,63,26
25/06/2008,63,24
26/06/2008,89,27
27/06/2008,60,30
28/06/2008,111,21
29/06/2008,76,27
30/06/2008,117,38
1/07/2008,75,22
2/07/2008,93,28
3/07/2008,89,33
4/07/2008,58,25
5/07/2008,94,31
6/07/2008,79,28
7/07/2008,73,30
8/07/2008,106,28
9/07/2008,136,33
10/07/2008,108,27
11/07/2008,88,28
12/07/2008,83,28
13/07/2008,81,28
14/07/2008,82,38
15/07/2008,73,25
16/07/2008,117,32
17/07/2008,78,28
18/07/2008,113,25
19/07/2008,89,24
20/07/2008,110,36
21/07/2008,112,37
22/07/2008,131,37
23/07/2008,110,42
24/07/2008,87,34
25/07/2008,70,27
26/07/2008,84,22
27/07/2008,98,25
28/07/2008,87,28
29/07/2008,82,33
30/07/2008,49,23
31/07/2008,68,27
1/08/2008,96,33
2/08/2008,101,30
3/08/2008,92,26
4/08/2008,75,26
5/08/2008,68,33
6/08/2008,67,29
7/08/2008,128,43
8/08/2008,82,27
9/08/2008,61,20
10/08/2008,120,35
11/08/2008,89,31
12/08/2008,98,38
13/08/2008,40,19
14/08/2008,4,3
15/08/2008,26,11
16/08/2008,22,9
17/08/2008,121,24
18/08/2008,102,36
19/08/2008,101,24
20/08/2008,106,38
21/08/2008,149,41
22/08/2008,104,37
23/08/2008,112,37
24/08/2008,168,37
25/08/2008,148,38
26/08/2008,108,29
27/08/2008,143,30
28/08/2008,142,37
29/08/2008,111,37
30/08/2008,144,35
31/08/2008,152,37
1/09/2008,115,36
2/09/2008,113,35
3/09/2008,141,46
4/09/2008,112,41
5/09/2008,128,43
6/09/2008,40,19
7/09/2008,129,38
8/09/2008,115,47
9/09/2008,112,36
10/09/2008,102,35
11/09/2008,98,33
12/09/2008,130,44
13/09/2008,106,37
14/09/2008,99,29
15/09/2008,115,26
16/09/2008,90,27
17/09/2008,132,37
18/09/2008,122,35
19/09/2008,120,38
20/09/2008,120,43
21/09/2008,130,28
22/09/2008,113,36
23/09/2008,100,27
24/09/2008,127,45
25/09/2008,77,28
26/09/2008,92,40
27/09/2008,112,30
28/09/2008,108,40
29/09/2008,136,36
30/09/2008,109,37
1/10/2008,124,38
2/10/2008,98,33
3/10/2008,136,51
4/10/2008,87,32
5/10/2008,103,39
6/10/2008,111,34
7/10/2008,135,44
8/10/2008,117,36
9/10/2008,136,53
10/10/2008,145,44
11/10/2008,91,39
12/10/2008,81,21
13/10/2008,137,44
14/10/2008,110,41
15/10/2008,95,40
16/10/2008,146,43
17/10/2008,146,51
18/10/2008,89,37
19/10/2008,115,46
20/10/2008,134,51
21/10/2008,99,41
22/10/2008,107,42
23/10/2008,109,40
24/10/2008,132,48
25/10/2008,129,48
26/10/2008,91,30
27/10/2008,146,44
28/10/2008,135,52
29/10/2008,113,40
30/10/2008,151,39
31/10/2008,148,39
1/11/2008,123,48
2/11/2008,128,46
3/11/2008,140,45
4/11/2008,131,51
5/11/2008,92,33
6/11/2008,119,48
7/11/2008,92,32
8/11/2008,143,54
9/11/2008,94,32
10/11/2008,126,39
11/11/2008,152,58
12/11/2008,109,42
13/11/2008,114,39
14/11/2008,139,38
15/11/2008,78,36
16/11/2008,98,43
17/11/2008,147,43
18/11/2008,92,40
19/11/2008,112,45
20/11/2008,97,37
21/11/2008,115,51
22/11/2008,102,41
23/11/2008,100,41
24/11/2008,104,45
25/11/2008,62,22
26/11/2008,136,51
27/11/2008,69,28
28/11/2008,108,43
29/11/2008,77,27
30/11/2008,94,42
1/12/2008,115,41
2/12/2008,101,42
3/12/2008,97,42
4/12/2008,99,39
5/12/2008,109,35
6/12/2008,89,36
7/12/2008,98,40
8/12/2008,113,30
9/12/2008,118,40
10/12/2008,96,36
11/12/2008,121,47
12/12/2008,110,47
13/12/2008,144,66
14/12/2008,97,40
15/12/2008,150,53
16/12/2008,89,41
17/12/2008,116,47
18/12/2008,89,48
19/12/2008,126,47
20/12/2008,95,38
21/12/2008,90,33
22/12/2008,104,36
23/12/2008,106,42
24/12/2008,123,45
25/12/2008,108,40
26/12/2008,56,25
27/12/2008,79,32
28/12/2008,70,21
29/12/2008,109,37
30/12/2008,96,29
31/12/2008,75,26
1/01/2009,112,38
2/01/2009,119,36
3/01/2009,90,36
4/01/2009,116,44
5/01/2009,128,48
6/01/2009,109,44
7/01/2009,133,58
8/01/2009,110,47
9/01/2009,110,45
10/01/2009,114,55
11/01/2009,130,56
12/01/2009,123,47
13/01/2009,62,25
14/01/2009,32,17
15/01/2009,104,53
16/01/2009,107,41
17/01/2009,112,38
18/01/2009,104,56
19/01/2009,101,45
20/01/2009,127,56
21/01/2009,116,40
22/01/2009,105,53
23/01/2009,112,42
24/01/2009,4,4
25/01/2009,88,33
26/01/2009,113,44
27/01/2009,120,42
28/01/2009,124,46
29/01/2009,195,68
30/01/2009,132,43
31/01/2009,171,49
1/02/2009,143,50
2/02/2009,142,43
3/02/2009,134,52
4/02/2009,122,44
5/02/2009,144,50
6/02/2009,172,52
7/02/2009,142,52
8/02/2009,183,57
9/02/2009,110,45
10/02/2009,129,43
11/02/2009,148,46
12/02/2009,120,45
13/02/2009,144,47
14/02/2009,140,39
15/02/2009,133,36
16/02/2009,170,57
17/02/2009,151,51
18/02/2009,158,58
19/02/2009,58,27
20/02/2009,161,60
21/02/2009,74,26
22/02/2009,210,55
23/02/2009,88,34
24/02/2009,101,40
25/02/2009,84,36
26/02/2009,139,38
27/02/2009,134,55
28/02/2009,144,44
1/03/2009,116,47
2/03/2009,193,52
3/03/2009,161,65
4/03/2009,117,42
5/03/2009,142,60
6/03/2009,143,50
7/03/2009,119,53
8/03/2009,110,52
9/03/2009,130,53
10/03/2009,99,41
11/03/2009,112,44
12/03/2009,77,38
13/03/2009,185,72
14/03/2009,169,61
15/03/2009,164,47
16/03/2009,130,37
17/03/2009,156,63
18/03/2009,162,64
19/03/2009,176,64
20/03/2009,166,60
21/03/2009,157,50
22/03/2009,159,57
23/03/2009,210,65
24/03/2009,193,66
25/03/2009,165,46
26/03/2009,85,34
27/03/2009,95,34
28/03/2009,154,62
29/03/2009,147,50
30/03/2009,177,60
31/03/2009,136,42
1/04/2009,168,51
2/04/2009,147,43
3/04/2009,137,48
4/04/2009,134,41
5/04/2009,165,55
6/04/2009,127,47
7/04/2009,149,46
8/04/2009,112,44
9/04/2009,173,57
10/04/2009,172,58
11/04/2009,142,50
12/04/2009,106,43
13/04/2009,104,40
14/04/2009,108,57
15/04/2009,119,50
16/04/2009,99,52
17/04/2009,113,48
18/04/2009,134,53
19/04/2009,139,61
20/04/2009,149,51
21/04/2009,170,76
22/04/2009,181,73
23/04/2009,185,67
24/04/2009,181,66
25/04/2009,134,54
26/04/2009,164,67
27/04/2009,146,54
28/04/2009,150,66
29/04/2009,170,66
30/04/2009,133,61
1/05/2009,132,47
2/05/2009,166,57
3/05/2009,191,65
4/05/2009,154,50
5/05/2009,146,52
6/05/2009,167,66
7/05/2009,157,57
8/05/2009,167,65
9/05/2009,185,65
10/05/2009,187,73
11/05/2009,177,72
12/05/2009,180,57
13/05/2009,160,59
14/05/2009,168,51
15/05/2009,140,56
16/05/2009,156,58
17/05/2009,157,61
18/05/2009,177,63
19/05/2009,137,51
20/05/2009,128,51
21/05/2009,158,72
22/05/2009,168,58
23/05/2009,176,66
24/05/2009,182,86
25/05/2009,143,60
26/05/2009,149,49
27/05/2009,195,71
28/05/2009,162,66
29/05/2009,167,75
30/05/2009,138,71
31/05/2009,176,74
1/06/2009,141,55
2/06/2009,145,67
3/06/2009,116,50
4/06/2009,152,74
5/06/2009,136,59
6/06/2009,122,58
7/06/2009,118,56
8/06/2009,120,54
9/06/2009,129,59
10/06/2009,189,82
11/06/2009,93,44
12/06/2009,18,9
13/06/2009,147,60
14/06/2009,160,55
15/06/2009,40,19
16/06/2009,45,22
17/06/2009,193,83
18/06/2009,177,76
19/06/2009,175,81
20/06/2009,178,78
21/06/2009,184,81
22/06/2009,174,72
23/06/2009,149,70
24/06/2009,245,82
25/06/2009,126,69
26/06/2009,173,80
27/06/2009,222,81
28/06/2009,163,66
29/06/2009,178,60
30/06/2009,178,71
1/07/2009,173,74
2/07/2009,138,57
3/07/2009,188,72
4/07/2009,153,62
5/07/2009,181,84
6/07/2009,155,67
7/07/2009,134,59
8/07/2009,174,69
9/07/2009,170,72
10/07/2009,135,67
11/07/2009,137,57
12/07/2009,181,86
13/07/2009,142,56
14/07/2009,128,68
15/07/2009,185,83
16/07/2009,159,80
17/07/2009,139,73
18/07/2009,182,71
19/07/2009,178,76
20/07/2009,126,63
21/07/2009,158,81
22/07/2009,185,82
23/07/2009,148,73
24/07/2009,201,86
25/07/2009,134,74
26/07/2009,143,56
27/07/2009,175,68
28/07/2009,155,62
29/07/2009,182,85
30/07/2009,162,71
31/07/2009,145,73
1/08/2009,210,87
2/08/2009,164,59
3/08/2009,172,76
4/08/2009,161,63
5/08/2009,162,84
6/08/2009,187,63
7/08/2009,170,75
8/08/2009,128,47
9/08/2009,168,82
10/08/2009,142,57
11/08/2009,140,67
12/08/2009,173,66
13/08/2009,186,79
14/08/2009,135,50
15/08/2009,129,63
16/08/2009,148,79
17/08/2009,172,76
18/08/2009,153,78
19/08/2009,165,67
20/08/2009,126,63
21/08/2009,142,51
22/08/2009,171,79
23/08/2009,214,100
24/08/2009,220,104
25/08/2009,230,95
26/08/2009,211,73
27/08/2009,191,85
28/08/2009,248,110
29/08/2009,215,84
30/08/2009,254,104
31/08/2009,218,86
1/09/2009,229,99
2/09/2009,194,69
3/09/2009,227,83
4/09/2009,193,92
5/09/2009,193,88
6/09/2009,206,98
7/09/2009,155,71
8/09/2009,240,89
9/09/2009,164,64
10/09/2009,157,85
11/09/2009,190,83
12/09/2009,157,81
13/09/2009,189,87
14/09/2009,213,104
15/09/2009,213,90
16/09/2009,213,83
17/09/2009,175,43
18/09/2009,187,74
19/09/2009,186,90
20/09/2009,213,91
21/09/2009,184,86
22/09/2009,214,94
23/09/2009,200,91
24/09/2009,202,89
25/09/2009,188,87
26/09/2009,160,75
27/09/2009,179,84
28/09/2009,237,102
29/09/2009,196,99
30/09/2009,240,107
1/10/2009,240,97
2/10/2009,218,98
3/10/2009,207,96
4/10/2009,199,79
5/10/2009,203,98
6/10/2009,212,89
7/10/2009,242,94
8/10/2009,228,93
9/10/2009,191,94
10/10/2009,182,84
11/10/2009,121,62
12/10/2009,169,74
13/10/2009,195,72
14/10/2009,235,103
15/10/2009,190,66
16/10/2009,196,86
17/10/2009,159,66
18/10/2009,8,6
19/10/2009,32,17
20/10/2009,181,85
21/10/2009,281,125
22/10/2009,323,138
23/10/2009,235,99
24/10/2009,263,113
25/10/2009,265,123
26/10/2009,280,122
27/10/2009,237,104
28/10/2009,194,95
29/10/2009,242,104
30/10/2009,287,145
31/10/2009,304,149
1/11/2009,284,121
2/11/2009,253,100
3/11/2009,288,112
4/11/2009,281,97
5/11/2009,228,102
6/11/2009,364,135
7/11/2009,311,122
8/11/2009,246,104
9/11/2009,261,108
10/11/2009,308,128
11/11/2009,234,109
12/11/2009,224,112
13/11/2009,238,117
14/11/2009,213,112
15/11/2009,296,138
16/11/2009,198,100
17/11/2009,255,101
18/11/2009,255,95
19/11/2009,198,87
20/11/2009,272,119
21/11/2009,211,89
22/11/2009,265,101
23/11/2009,210,84
24/11/2009,230,104
25/11/2009,230,123
26/11/2009,197,102
27/11/2009,190,104
28/11/2009,183,86
29/11/2009,206,110
30/11/2009,230,103
1/12/2009,226,90
2/12/2009,156,79
3/12/2009,219,103
4/12/2009,260,145
5/12/2009,122,72
6/12/2009,7,2
7/12/2009,372,174
8/12/2009,318,142
9/12/2009,51,30
10/12/2009,184,91
11/12/2009,169,76
12/12/2009,150,84
13/12/2009,205,93
14/12/2009,103,44
15/12/2009,152,72
16/12/2009,166,78
17/12/2009,137,69
18/12/2009,91,54
19/12/2009,251,117
20/12/2009,183,93
21/12/2009,165,82
22/12/2009,147,82
23/12/2009,169,92
24/12/2009,154,78
25/12/2009,144,76
26/12/2009,192,95
27/12/2009,139,76
28/12/2009,117,74
29/12/2009,113,66
30/12/2009,152,88
31/12/2009,124,65
1/01/2010,129,76
2/01/2010,136,81
3/01/2010,142,75
4/01/2010,111,46
5/01/2010,100,56
6/01/2010,122,65
7/01/2010,70,42
8/01/2010,120,69
9/01/2010,188,98
10/01/2010,44,23
11/01/2010,17,14
12/01/2010,118,66
13/01/2010,370,174
14/01/2010,91,54
15/01/2010,165,95
16/01/2010,369,177
17/01/2010,302,142
18/01/2010,289,141
19/01/2010,327,164
20/01/2010,297,149
21/01/2010,313,172
22/01/2010,217,121
23/01/2010,294,150
24/01/2010,255,147
25/01/2010,281,153
26/01/2010,320,141
27/01/2010,342,159
28/01/2010,306,145
29/01/2010,327,168
30/01/2010,303,153
31/01/2010,274,151
1/02/2010,286,134
2/02/2010,284,146
3/02/2010,231,119
4/02/2010,286,148
5/02/2010,266,129
6/02/2010,340,177
7/02/2010,301,160
8/02/2010,296,159
9/02/2010,221,136
10/02/2010,286,159
11/02/2010,266,131
12/02/2010,296,156
13/02/2010,193,122
14/02/2010,275,137
15/02/2010,282,155
16/02/2010,153,78
17/02/2010,351,155
18/02/2010,352,158
19/02/2010,322,148
20/02/2010,282,150
21/02/2010,335,161
22/02/2010,256,118
23/02/2010,265,130
24/02/2010,309,160
25/02/2010,282,123
26/02/2010,219,118
27/02/2010,142,94
28/02/2010,49,29
1/03/2010,623,297
2/03/2010,367,173
3/03/2010,275,142
4/03/2010,291,155
5/03/2010,118,66
6/03/2010,304,166
7/03/2010,52,38
8/03/2010,1,1
9/03/2010,9,8
10/03/2010,22,13
11/03/2010,27,15
12/03/2010,286,153
13/03/2010,294,153
14/03/2010,310,169
15/03/2010,304,153
16/03/2010,357,184
17/03/2010,302,183
18/03/2010,303,168
19/03/2010,380,190
20/03/2010,248,138
21/03/2010,253,163
22/03/2010,199,126
23/03/2010,272,158
24/03/2010,320,191
25/03/2010,227,133
26/03/2010,230,137
27/03/2010,302,163
28/03/2010,295,162
29/03/2010,313,175
30/03/2010,249,149
31/03/2010,358,170
1/04/2010,331,172
2/04/2010,234,146
3/04/2010,113,78
4/04/2010,148,86
5/04/2010,295,154
6/04/2010,304,181
7/04/2010,262,157
8/04/2010,300,162
9/04/2010,267,145
10/04/2010,227,132
11/04/2010,57,36
12/04/2010,255,140
13/04/2010,221,130
14/04/2010,425,213
15/04/2010,301,195
16/04/2010,244,159
17/04/2010,262,153
18/04/2010,248,157
19/04/2010,314,184
20/04/2010,262,163
21/04/2010,249,144
22/04/2010,253,129
23/04/2010,263,144
24/04/2010,140,79
25/04/2010,136,87
26/04/2010,168,107
27/04/2010,159,111
28/04/2010,156,88
29/04/2010,216,131
30/04/2010,201,126
1/05/2010,131,74
2/05/2010,168,108
3/05/2010,256,153
4/05/2010,226,140
5/05/2010,292,172
6/05/2010,491,248
7/05/2010,106,68
8/05/2010,246,146
9/05/2010,313,173
10/05/2010,260,157
11/05/2010,283,161
12/05/2010,329,171
13/05/2010,281,137
14/05/2010,295,184
15/05/2010,310,185
16/05/2010,222,143
17/05/2010,251,162
18/05/2010,222,138
19/05/2010,214,123
20/05/2010,192,115
21/05/2010,129,79
22/05/2010,179,101
23/05/2010,154,86
24/05/2010,135,77
25/05/2010,147,95
26/05/2010,185,80
27/05/2010,205,107
28/05/2010,153,111
29/05/2010,171,107
30/05/2010,153,90
31/05/2010,139,93
1/06/2010,165,95
2/06/2010,323,184
3/06/2010,389,175
4/06/2010,326,175
5/06/2010,378,175
6/06/2010,303,200
7/06/2010,349,236
8/06/2010,345,223
9/06/2010,324,205
10/06/2010,332,223
11/06/2010,322,206
12/06/2010,304,190
13/06/2010,250,173
14/06/2010,305,183
15/06/2010,163,116
16/06/2010,108,71
17/06/2010,195,121
18/06/2010,227,151
19/06/2010,329,203
20/06/2010,296,205
21/06/2010,300,208
22/06/2010,361,233
23/06/2010,323,200
24/06/2010,327,220
25/06/2010,351,228
26/06/2010,386,245
27/06/2010,269,174
28/06/2010,329,226
29/06/2010,380,245
30/06/2010,350,227
1/07/2010,291,200
2/07/2010,325,217
3/07/2010,338,233
4/07/2010,305,214
5/07/2010,292,193
6/07/2010,269,183
7/07/2010,363,244
8/07/2010,309,211
9/07/2010,334,237
10/07/2010,325,230
11/07/2010,321,220
12/07/2010,365,238
13/07/2010,366,236
14/07/2010,346,231
15/07/2010,382,237
16/07/2010,366,248
17/07/2010,308,200
18/07/2010,315,214
19/07/2010,313,213
20/07/2010,330,225
21/07/2010,334,234
22/07/2010,351,233
23/07/2010,347,236
24/07/2010,385,261
25/07/2010,313,195
26/07/2010,341,222
27/07/2010,348,246
28/07/2010,362,237
29/07/2010,317,215
30/07/2010,325,219
31/07/2010,337,238
1/08/2010,378,242
2/08/2010,317,221
3/08/2010,355,241
4/08/2010,363,250
5/08/2010,363,234
6/08/2010,347,229
7/08/2010,361,233
8/08/2010,375,259
9/08/2010,319,204
10/08/2010,349,223
11/08/2010,387,234
12/08/2010,185,130
13/08/2010,193,147
14/08/2010,446,278
15/08/2010,382,236
16/08/2010,367,237
17/08/2010,328,221
18/08/2010,349,239
19/08/2010,344,215
20/08/2010,325,219
21/08/2010,311,190
22/08/2010,332,191
23/08/2010,362,234
24/08/2010,314,205
25/08/2010,316,211
26/08/2010,323,205
27/08/2010,288,186
28/08/2010,322,223
29/08/2010,365,244
30/08/2010,338,216
31/08/2010,360,242
1/09/2010,351,215
2/09/2010,349,234
3/09/2010,301,212
4/09/2010,137,107
5/09/2010,288,195
6/09/2010,319,203
7/09/2010,329,208
8/09/2010,218,156
9/09/2010,349,209
10/09/2010,303,189
11/09/2010,349,214
12/09/2010,322,211
13/09/2010,332,213
14/09/2010,285,184
15/09/2010,286,181
16/09/2010,329,205
17/09/2010,360,244
18/09/2010,331,226
19/09/2010,276,172
20/09/2010,195,136
21/09/2010,187,131
22/09/2010,217,150
23/09/2010,379,233
24/09/2010,376,229
25/09/2010,392,244
26/09/2010,369,245
27/09/2010,367,237
28/09/2010,391,233
29/09/2010,312,195
30/09/2010,394,263
1/10/2010,372,235
2/10/2010,385,231
3/10/2010,309,188
4/10/2010,275,191
5/10/2010,283,190
6/10/2010,291,197
7/10/2010,297,203
8/10/2010,318,194
9/10/2010,292,194
10/10/2010,314,209
11/10/2010,267,171
12/10/2010,280,175
13/10/2010,350,222
14/10/2010,280,195
15/10/2010,324,209
16/10/2010,281,177
17/10/2010,273,180
18/10/2010,261,165
19/10/2010,309,202
20/10/2010,284,173
21/10/2010,293,185
22/10/2010,239,159
23/10/2010,319,194
24/10/2010,290,186
25/10/2010,260,170
26/10/2010,272,181
27/10/2010,299,213
28/10/2010,286,185
29/10/2010,270,186
30/10/2010,273,174
31/10/2010,319,211
1/11/2010,366,237
2/11/2010,376,242
3/11/2010,321,202
4/11/2010,326,226
5/11/2010,329,216
6/11/2010,370,215
7/11/2010,227,147
8/11/2010,293,200
9/11/2010,329,201
10/11/2010,324,201
11/11/2010,363,225
12/11/2010,340,235
13/11/2010,383,228
14/11/2010,365,226
15/11/2010,333,209
16/11/2010,344,211
17/11/2010,347,208
18/11/2010,312,208
19/11/2010,384,262
20/11/2010,305,181
21/11/2010,376,236
22/11/2010,377,232
23/11/2010,315,204
24/11/2010,309,185
25/11/2010,279,193
26/11/2010,196,139
27/11/2010,313,205
28/11/2010,361,208
29/11/2010,305,202
30/11/2010,367,238
1/12/2010,292,175
2/12/2010,343,216
3/12/2010,334,219
4/12/2010,230,154
5/12/2010,270,169
6/12/2010,279,190
7/12/2010,344,227
8/12/2010,341,231
9/12/2010,303,177
10/12/2010,312,202
11/12/2010,346,232
12/12/2010,304,202
13/12/2010,313,201
14/12/2010,368,246
15/12/2010,319,220
16/12/2010,371,217
17/12/2010,322,213
18/12/2010,332,233
19/12/2010,380,227
20/12/2010,309,195
21/12/2010,380,257
22/12/2010,276,190
23/12/2010,389,231
24/12/2010,340,224
25/12/2010,346,221
26/12/2010,329,194
27/12/2010,297,182
28/12/2010,322,206
29/12/2010,287,188
30/12/2010,312,172
31/12/2010,357,226
1/01/2011,355,210
2/01/2011,365,246
3/01/2011,312,188
4/01/2011,408,241
5/01/2011,319,206
6/01/2011,354,233
7/01/2011,299,203
8/01/2011,295,184
9/01/2011,303,196
10/01/2011,325,211
11/01/2011,345,228
12/01/2011,343,209
13/01/2011,283,168
14/01/2011,353,233
15/01/2011,334,200
16/01/2011,426,194
17/01/2011,346,179
18/01/2011,346,182
19/01/2011,270,164
20/01/2011,384,199
21/01/2011,330,208
22/01/2011,390,202
23/01/2011,344,164
24/01/2011,345,220
25/01/2011,396,242
26/01/2011,296,184
27/01/2011,338,221
28/01/2011,335,195
29/01/2011,310,190
30/01/2011,339,227
31/01/2011,265,181
1/02/2011,341,216
2/02/2011,337,214
3/02/2011,349,217
4/02/2011,338,213
5/02/2011,185,125
6/02/2011,511,313
7/02/2011,145,112
8/02/2011,231,176
9/02/2011,392,266
10/02/2011,330,228
11/02/2011,412,245
12/02/2011,402,261
13/02/2011,376,255
14/02/2011,456,260
15/02/2011,428,291
16/02/2011,346,223
17/02/2011,428,265
18/02/2011,314,224
19/02/2011,324,215
20/02/2011,46,41
21/02/2011,80,69
22/02/2011,101,78
23/02/2011,134,100
24/02/2011,478,279
25/02/2011,504,312
26/02/2011,498,327
27/02/2011,402,267
28/02/2011,409,285
1/03/2011,365,249
2/03/2011,412,290
3/03/2011,698,429
4/03/2011,618,395
5/03/2011,709,463
6/03/2011,730,471
7/03/2011,722,467
8/03/2011,508,372
9/03/2011,513,346
10/03/2011,631,412
11/03/2011,603,397
12/03/2011,533,374
13/03/2011,609,417
14/03/2011,591,386
15/03/2011,721,473
16/03/2011,559,391
17/03/2011,587,393
18/03/2011,575,352
19/03/2011,523,377
20/03/2011,528,346
21/03/2011,540,330
22/03/2011,615,383
23/03/2011,652,456
24/03/2011,655,426
25/03/2011,623,393
26/03/2011,597,383
27/03/2011,613,411
28/03/2011,641,410
29/03/2011,527,367
30/03/2011,642,395
31/03/2011,599,385
1/04/2011,472,317
2/04/2011,386,282
3/04/2011,420,293
4/04/2011,405,273
5/04/2011,424,276
6/04/2011,183,147
7/04/2011,347,232
8/04/2011,363,255
9/04/2011,458,326
10/04/2011,335,254
11/04/2011,360,269
12/04/2011,415,312
13/04/2011,412,303
14/04/2011,457,289
15/04/2011,421,284
16/04/2011,448,295
17/04/2011,437,305
18/04/2011,510,323
19/04/2011,395,255
20/04/2011,469,290
21/04/2011,439,269
22/04/2011,421,257
23/04/2011,395,275
24/04/2011,489,305
25/04/2011,426,272
26/04/2011,456,297
27/04/2011,443,291
28/04/2011,412,298
29/04/2011,503,312
30/04/2011,461,296
1/05/2011,461,309
2/05/2011,417,272
3/05/2011,484,324
4/05/2011,425,277
5/05/2011,380,247
6/05/2011,443,315
7/05/2011,482,289
8/05/2011,453,272
9/05/2011,410,264
10/05/2011,382,256
11/05/2011,371,268
12/05/2011,502,333
13/05/2011,454,309
14/05/2011,434,293
15/05/2011,440,292
16/05/2011,477,315
17/05/2011,445,292
18/05/2011,441,278
19/05/2011,737,435
20/05/2011,732,460
21/05/2011,843,516
22/05/2011,899,549
23/05/2011,850,514
24/05/2011,880,485
25/05/2011,880,515
26/05/2011,858,517
27/05/2011,885,523
28/05/2011,795,482
29/05/2011,628,388
30/05/2011,977,542
31/05/2011,886,544
1/06/2011,743,461
2/06/2011,774,451
3/06/2011,758,488
4/06/2011,753,489
5/06/2011,774,457
6/06/2011,695,425
7/06/2011,970,543
8/06/2011,915,516
9/06/2011,817,485
10/06/2011,826,475
11/06/2011,768,508
12/06/2011,795,487
13/06/2011,720,425
14/06/2011,897,526
15/06/2011,856,535
16/06/2011,753,453
17/06/2011,765,454
18/06/2011,804,478
19/06/2011,686,425
20/06/2011,465,313
21/06/2011,724,405
22/06/2011,722,365
23/06/2011,955,411
24/06/2011,659,338
25/06/2011,776,428
26/06/2011,1090,526
27/06/2011,1252,484
28/06/2011,1329,568
29/06/2011,958,523
30/06/2011,900,543
1/07/2011,731,446
2/07/2011,675,427
3/07/2011,664,408
4/07/2011,641,395
5/07/2011,755,470
6/07/2011,812,492
7/07/2011,929,570
8/07/2011,806,469
9/07/2011,732,460
10/07/2011,768,495
11/07/2011,733,460
12/07/2011,836,542
13/07/2011,859,541
14/07/2011,777,483
15/07/2011,742,464
16/07/2011,748,473
17/07/2011,760,465
18/07/2011,827,497
19/07/2011,768,512
20/07/2011,848,514
21/07/2011,780,480
22/07/2011,799,501
23/07/2011,779,475
24/07/2011,731,464
25/07/2011,709,455
26/07/2011,759,467
27/07/2011,758,472
28/07/2011,603,397
29/07/2011,675,475
30/07/2011,802,527
31/07/2011,741,484
1/08/2011,732,456
2/08/2011,773,482
3/08/2011,572,386
4/08/2011,424,265
5/08/2011,1439,760
6/08/2011,717,444
7/08/2011,692,443
8/08/2011,406,271
9/08/2011,750,457
10/08/2011,776,494
11/08/2011,527,320
12/08/2011,509,348
13/08/2011,450,298
14/08/2011,471,307
15/08/2011,462,282
16/08/2011,985,578
17/08/2011,1316,702
18/08/2011,1138,654
19/08/2011,619,398
20/08/2011,456,316
21/08/2011,226,157
22/08/2011,497,316
23/08/2011,1310,662
24/08/2011,779,484
25/08/2011,989,565
26/08/2011,727,457
27/08/2011,561,384
28/08/2011,517,367
29/08/2011,327,251
30/08/2011,498,337
31/08/2011,695,454
1/09/2011,892,583
2/09/2011,702,433
3/09/2011,719,442
4/09/2011,654,388
5/09/2011,681,440
6/09/2011,675,456
7/09/2011,789,495
8/09/2011,821,540
9/09/2011,751,489
10/09/2011,775,528
11/09/2011,712,481
12/09/2011,644,414
13/09/2011,754,492
14/09/2011,646,432
15/09/2011,815,514
16/09/2011,812,485
17/09/2011,747,457
18/09/2011,796,490
19/09/2011,735,464
20/09/2011,753,475
21/09/2011,658,433
22/09/2011,795,504
23/09/2011,841,537
24/09/2011,699,468
25/09/2011,220,166
26/09/2011,158,127
27/09/2011,207,159
28/09/2011,411,271
29/09/2011,803,529
30/09/2011,778,506
1/10/2011,526,336
2/10/2011,551,339
3/10/2011,681,423
4/10/2011,659,394
5/10/2011,612,377
6/10/2011,627,393
7/10/2011,650,409
8/10/2011,459,319
9/10/2011,605,398
10/10/2011,482,328
11/10/2011,357,226
12/10/2011,368,254
13/10/2011,451,289
14/10/2011,715,429
15/10/2011,542,372
16/10/2011,631,403
17/10/2011,627,403
18/10/2011,566,404
19/10/2011,664,427
20/10/2011,573,373
21/10/2011,524,351
22/10/2011,608,406
23/10/2011,564,352
24/10/2011,554,347
25/10/2011,430,279
26/10/2011,379,228
27/10/2011,418,268
28/10/2011,527,346
29/10/2011,540,364
30/10/2011,485,339
31/10/2011,485,322
1/11/2011,522,347
2/11/2011,475,286
3/11/2011,543,342
4/11/2011,546,345
5/11/2011,543,321
6/11/2011,498,328
7/11/2011,508,319
8/11/2011,504,299
9/11/2011,478,303
10/11/2011,556,346
11/11/2011,508,335
12/11/2011,598,349
13/11/2011,559,339
14/11/2011,610,396
15/11/2011,551,341
16/11/2011,571,342
17/11/2011,610,368
18/11/2011,584,321
19/11/2011,574,348
20/11/2011,644,399
21/11/2011,278,196
22/11/2011,246,174
23/11/2011,664,436
24/11/2011,553,324
25/11/2011,573,361
26/11/2011,496,318
27/11/2011,540,378
28/11/2011,617,408
29/11/2011,648,414
30/11/2011,581,371
1/12/2011,603,366
2/12/2011,571,374
3/12/2011,546,362
4/12/2011,684,432
5/12/2011,540,357
6/12/2011,610,394
7/12/2011,618,364
8/12/2011,645,373
9/12/2011,564,342
10/12/2011,635,394
11/12/2011,519,336
12/12/2011,529,321
13/12/2011,622,410
14/12/2011,614,419
15/12/2011,658,399
16/12/2011,589,378
17/12/2011,615,405
18/12/2011,522,340
19/12/2011,629,430
20/12/2011,609,387
21/12/2011,574,369
22/12/2011,597,360
23/12/2011,576,349
24/12/2011,480,322
25/12/2011,582,386
26/12/2011,665,436
27/12/2011,537,332
28/12/2011,634,372
29/12/2011,541,370
30/12/2011,523,342
31/12/2011,542,350
1/01/2012,552,365
2/01/2012,486,324
3/01/2012,492,307
4/01/2012,598,364
5/01/2012,610,390
6/01/2012,379,250
7/01/2012,104,72
8/01/2012,357,228
9/01/2012,641,389
10/01/2012,587,370
11/01/2012,498,315
12/01/2012,602,358
13/01/2012,709,425
14/01/2012,606,385
15/01/2012,579,369
16/01/2012,558,363
17/01/2012,573,350
18/01/2012,581,336
19/01/2012,554,361
20/01/2012,584,404
21/01/2012,535,371
22/01/2012,583,367
23/01/2012,603,409
24/01/2012,492,345
25/01/2012,471,315
26/01/2012,550,365
27/01/2012,570,405
28/01/2012,593,445
29/01/2012,605,425
30/01/2012,575,396
31/01/2012,594,418
1/02/2012,600,409
2/02/2012,681,464
3/02/2012,922,603
4/02/2012,999,638
5/02/2012,873,611
6/02/2012,780,575
7/02/2012,785,572
8/02/2012,929,659
9/02/2012,800,577
10/02/2012,858,600
11/02/2012,773,546
12/02/2012,922,621
13/02/2012,673,483
14/02/2012,780,558
15/02/2012,876,600
16/02/2012,876,614
17/02/2012,418,326
18/02/2012,238,179
19/02/2012,194,143
20/02/2012,654,449
21/02/2012,909,603
22/02/2012,858,581
23/02/2012,869,638
24/02/2012,1080,770
25/02/2012,914,705
26/02/2012,944,664
27/02/2012,975,709
28/02/2012,841,616
29/02/2012,879,644
1/03/2012,774,569
2/03/2012,724,517
3/03/2012,857,621
4/03/2012,904,580
5/03/2012,714,522
6/03/2012,783,584
7/03/2012,928,656
8/03/2012,943,689
9/03/2012,883,661
10/03/2012,824,595
11/03/2012,820,608
12/03/2012,881,623
13/03/2012,881,642
14/03/2012,707,512
15/03/2012,411,289
16/03/2012,848,555
17/03/2012,862,610
18/03/2012,745,583
19/03/2012,732,556
20/03/2012,840,619
21/03/2012,869,616
22/03/2012,758,514
23/03/2012,714,477
24/03/2012,836,568
25/03/2012,842,582
26/03/2012,773,557
27/03/2012,925,668
28/03/2012,901,605
29/03/2012,883,569
30/03/2012,901,609
31/03/2012,703,466
1/04/2012,715,499
2/04/2012,895,583
3/04/2012,698,454
4/04/2012,944,630
5/04/2012,960,636
6/04/2012,903,610
7/04/2012,979,678
8/04/2012,953,654
9/04/2012,898,633
10/04/2012,923,658
11/04/2012,954,679
12/04/2012,616,450
13/04/2012,603,405
14/04/2012,727,495
15/04/2012,481,325
16/04/2012,497,339
17/04/2012,586,375
18/04/2012,672,437
19/04/2012,621,408
20/04/2012,628,425
21/04/2012,711,476
22/04/2012,993,680
23/04/2012,1057,705
24/04/2012,1005,669
25/04/2012,965,644
26/04/2012,1060,696
27/04/2012,988,658
28/04/2012,1023,700
29/04/2012,1025,729
30/04/2012,996,711
1/05/2012,826,596
2/05/2012,833,612
3/05/2012,747,520
4/05/2012,787,520
5/05/2012,901,617
6/05/2012,924,636
7/05/2012,894,609
8/05/2012,993,682
9/05/2012,943,643
10/05/2012,1160,771
11/05/2012,954,623
12/05/2012,1019,662
13/05/2012,885,590
14/05/2012,869,616
15/05/2012,960,643
16/05/2012,743,502
17/05/2012,763,513
18/05/2012,1065,677
19/05/2012,911,603
20/05/2012,827,554
21/05/2012,844,579
22/05/2012,895,611
23/05/2012,964,637
24/05/2012,690,486
25/05/2012,612,435
26/05/2012,980,658
27/05/2012,968,632
28/05/2012,956,623
29/05/2012,910,609
30/05/2012,783,549
31/05/2012,687,493
1/06/2012,1055,693
2/06/2012,1035,691
3/06/2012,814,568
4/06/2012,834,580
5/06/2012,975,669
6/06/2012,850,575
7/06/2012,889,600
8/06/2012,931,633
9/06/2012,1018,652
10/06/2012,884,609
11/06/2012,976,706
12/06/2012,983,682
13/06/2012,850,568
14/06/2012,941,636
15/06/2012,1085,683
16/06/2012,766,510
17/06/2012,1090,708
18/06/2012,876,625
19/06/2012,937,664
20/06/2012,1019,694
21/06/2012,1225,750
22/06/2012,1156,722
23/06/2012,691,448
24/06/2012,1036,710
25/06/2012,876,632
26/06/2012,949,637
27/06/2012,917,657
28/06/2012,1111,771
29/06/2012,951,647
30/06/2012,1175,763
1/07/2012,904,615
2/07/2012,1181,809
3/07/2012,927,624
4/07/2012,884,592
5/07/2012,1077,726
6/07/2012,1082,708
7/07/2012,967,662
8/07/2012,1090,744
9/07/2012,955,658
10/07/2012,911,629
11/07/2012,823,551
12/07/2012,996,667
13/07/2012,938,647
14/07/2012,914,617
15/07/2012,834,564
16/07/2012,1056,715
17/07/2012,1070,735
18/07/2012,1029,696
19/07/2012,996,680
20/07/2012,935,658
21/07/2012,715,514
22/07/2012,800,548
23/07/2012,926,642
24/07/2012,984,629
25/07/2012,1018,683
26/07/2012,961,634
27/07/2012,923,614
28/07/2012,876,614
29/07/2012,972,677
30/07/2012,930,630
31/07/2012,974,614
1/08/2012,1118,769
2/08/2012,916,621
3/08/2012,1053,720
4/08/2012,1115,755
5/08/2012,991,659
6/08/2012,1079,725
7/08/2012,870,587
8/08/2012,904,598
9/08/2012,1048,668
10/08/2012,1055,696
11/08/2012,1067,721
12/08/2012,415,314
13/08/2012,173,100
14/08/2012,659,464
15/08/2012,915,622
16/08/2012,1164,788
17/08/2012,1009,719
18/08/2012,945,662
19/08/2012,777,523
20/08/2012,775,523
21/08/2012,694,472
22/08/2012,895,637
23/08/2012,878,583
24/08/2012,840,589
25/08/2012,1007,707
26/08/2012,923,596
27/08/2012,340,228
28/08/2012,550,371
29/08/2012,1076,717
30/08/2012,1079,680
31/08/2012,1127,784
1/09/2012,787,543
2/09/2012,1046,688
3/09/2012,1046,667
4/09/2012,850,585
5/09/2012,977,677
6/09/2012,956,648
7/09/2012,946,638
8/09/2012,937,636
9/09/2012,893,603
10/09/2012,970,637
11/09/2012,879,606
12/09/2012,974,654
13/09/2012,1041,692
14/09/2012,1057,702
15/09/2012,877,586
16/09/2012,919,667
17/09/2012,991,682
18/09/2012,1062,674
19/09/2012,967,668
20/09/2012,972,634
21/09/2012,1022,687
22/09/2012,912,621
23/09/2012,961,636
24/09/2012,712,491
25/09/2012,876,581
26/09/2012,982,612
27/09/2012,916,596
28/09/2012,886,631
29/09/2012,887,592
30/09/2012,1016,646
1/10/2012,1017,679
2/10/2012,955,669
3/10/2012,958,628
4/10/2012,960,606
5/10/2012,1020,690
6/10/2012,996,657
7/10/2012,1091,697
8/10/2012,1033,695
9/10/2012,976,647
10/10/2012,1051,701
11/10/2012,1177,778
12/10/2012,920,658
13/10/2012,1058,698
14/10/2012,925,588
15/10/2012,847,559
16/10/2012,956,613
17/10/2012,1054,670
18/10/2012,1154,748
19/10/2012,1057,713
20/10/2012,1096,761
21/10/2012,840,574
22/10/2012,926,627
23/10/2012,1031,649
24/10/2012,1020,713
25/10/2012,1098,718
26/10/2012,1065,680
27/10/2012,984,659
28/10/2012,984,694
29/10/2012,1076,719
30/10/2012,1085,740
31/10/2012,903,592
1/11/2012,933,604
2/11/2012,1022,654
3/11/2012,915,581
4/11/2012,967,665
5/11/2012,721,489
6/11/2012,866,565
7/11/2012,1031,667
8/11/2012,1084,703
9/11/2012,772,519
10/11/2012,975,651
11/11/2012,671,441
12/11/2012,1130,734
13/11/2012,933,613
14/11/2012,967,648
15/11/2012,944,614
16/11/2012,956,629
17/11/2012,1012,668
18/11/2012,1044,680
19/11/2012,961,617
20/11/2012,1015,681
21/11/2012,949,614
22/11/2012,1024,692
23/11/2012,397,257
24/11/2012,568,365
25/11/2012,453,308
26/11/2012,724,470
27/11/2012,1250,780
28/11/2012,839,519
29/11/2012,913,587
30/11/2012,1033,688
1/12/2012,946,651
2/12/2012,1077,761
3/12/2012,913,640
4/12/2012,1059,689
5/12/2012,917,606
6/12/2012,1018,688
7/12/2012,1031,687
8/12/2012,993,653
9/12/2012,819,543
10/12/2012,963,625
11/12/2012,788,521
12/12/2012,918,614
13/12/2012,949,648
14/12/2012,886,612
15/12/2012,931,644
16/12/2012,903,615
17/12/2012,1035,661
18/12/2012,1047,683
19/12/2012,909,585
20/12/2012,902,608
21/12/2012,985,642
22/12/2012,1047,702
23/12/2012,865,562
24/12/2012,1012,652
25/12/2012,825,549
26/12/2012,868,575
27/12/2012,1040,689
28/12/2012,948,621
29/12/2012,677,436
30/12/2012,949,595
31/12/2012,966,615
1/01/2013,829,530
2/01/2013,830,540
3/01/2013,835,559
4/01/2013,983,607
5/01/2013,1122,732
6/01/2013,1042,692
7/01/2013,925,634
8/01/2013,1001,673
9/01/2013,1042,700
10/01/2013,924,589
11/01/2013,939,620
12/01/2013,1193,779
13/01/2013,1035,681
14/01/2013,938,630
15/01/2013,959,615
16/01/2013,891,549
17/01/2013,1074,697
18/01/2013,1023,665
19/01/2013,944,633
20/01/2013,918,590
21/01/2013,1006,617
22/01/2013,1059,692
23/01/2013,933,649
24/01/2013,984,637
25/01/2013,857,581
26/01/2013,1089,687
27/01/2013,897,576
28/01/2013,977,621
29/01/2013,1012,657
30/01/2013,1120,729
31/01/2013,981,652
1/02/2013,1104,707
2/02/2013,1047,660
3/02/2013,1148,701
4/02/2013,961,626
5/02/2013,1115,716
6/02/2013,1022,666
7/02/2013,1220,756
8/02/2013,1142,730
9/02/2013,998,639
10/02/2013,1176,802
11/02/2013,1068,725
12/02/2013,991,634
13/02/2013,939,590
14/02/2013,906,592
15/02/2013,1187,749
16/02/2013,1120,722
17/02/2013,932,581
18/02/2013,943,635
19/02/2013,1071,678
20/02/2013,1141,690
21/02/2013,1204,737
22/02/2013,1118,719
23/02/2013,830,553
24/02/2013,23,21
NA,1002,16
